{
    "timestamp_utc": "2024-06-21 13:40:01.428028",
    "detector_serial_identifier": "d",
    "image_resolution": {
        "x_px": 640,
        "y_px": 480
    },
    "calibrated_values": {
        "focal_length_x_px": 650.9567959138351,
        "focal_length_y_px": 646.9339223240709,
        "optical_center_x_px": 288.14920816241204,
        "optical_center_y_px": 217.88233268866492,
        "radial_distortion_coefficients": [
            0.04046127530916999,
            0.40246696822067585,
            -1.344471281107906
        ],
        "tangential_distortion_coefficients": [
            -0.009733164866993039,
            -0.018916022139939724
        ]
    },
    "calibrated_stdevs": [
        8.655813162721874,
        8.291094664582717,
        4.433132849204614,
        3.1869251531840117,
        0.04634233761316505,
        0.42149789543770055,
        0.002162575225972265,
        0.002560342863034995,
        1.0350146814360321,
        0.0,
        0.0,
        0.0,
        0.0,
        0.0,
        0.0,
        0.0,
        0.0,
        0.0
    ],
    "reprojection_error": 0.5527679265337931,
    "frame_results": [
        {
            "image_identifier": "e642185d-0919-475f-a107-f44b42593508",
            "translation": {
                "x": -2812.682106780307,
                "y": 4767.9569090392915,
                "z": 8733.501867291581
            },
            "rotation": {
                "x": 2.8992214019488847,
                "y": -0.01866452636457516,
                "z": 0.13581102131974
            },
            "translation_stdev": {
                "x": 62.26478900820259,
                "y": 44.84418046088693,
                "z": 124.44995334834263
            },
            "rotation_stdev": {
                "x": 0.00550380522930732,
                "y": 0.001518293232760609,
                "z": 0.009556926906546831
            },
            "reprojection_error": 0.46516827516536374
        },
        {
            "image_identifier": "986264d8-6919-4de2-9e49-2f7577646c1a",
            "translation": {
                "x": -2855.3178393383114,
                "y": 5178.499266464843,
                "z": 8373.062231941254
            },
            "rotation": {
                "x": 2.9569183523259115,
                "y": -0.04211603814611779,
                "z": -0.3199910362881348
            },
            "translation_stdev": {
                "x": 57.35326869383245,
                "y": 43.14710499519021,
                "z": 112.90530742641957
            },
            "rotation_stdev": {
                "x": 0.004841724795321961,
                "y": 0.0014418844880127852,
                "z": 0.0095567738110942
            },
            "reprojection_error": 0.5376860007345019
        },
        {
            "image_identifier": "91c7b53f-c61a-4b7d-adc9-d92419a654cf",
            "translation": {
                "x": -2828.575947238688,
                "y": 4770.3602161194785,
                "z": 6806.979048408753
            },
            "rotation": {
                "x": 2.913795107297767,
                "y": -0.02008599452748965,
                "z": 0.618549270012716
            },
            "translation_stdev": {
                "x": 49.1176245322975,
                "y": 34.10100792781508,
                "z": 97.90278292884993
            },
            "rotation_stdev": {
                "x": 0.005604930138842877,
                "y": 0.0018795741966123117,
                "z": 0.01077072550297432
            },
            "reprojection_error": 0.6224379097119752
        },
        {
            "image_identifier": "e456c72e-9ef9-4bed-aca8-b405cfe8a79f",
            "translation": {
                "x": -5289.676315917623,
                "y": 2882.794515898392,
                "z": 7481.291181677008
            },
            "rotation": {
                "x": 2.9394144403007827,
                "y": 0.6556615305724265,
                "z": 0.18024318547036927
            },
            "translation_stdev": {
                "x": 53.82401228507008,
                "y": 38.09155355183,
                "z": 99.89070843411285
            },
            "rotation_stdev": {
                "x": 0.006044103396888708,
                "y": 0.0015910210292470223,
                "z": 0.010630592296964121
            },
            "reprojection_error": 0.519953296296855
        },
        {
            "image_identifier": "e076e916-bef0-4de4-9846-ecb7fe8d157e",
            "translation": {
                "x": -1296.8913806761436,
                "y": 4914.262128035301,
                "z": 6854.730524259427
            },
            "rotation": {
                "x": 3.032247735621771,
                "y": -0.49348575581878984,
                "z": 0.3947316419969986
            },
            "translation_stdev": {
                "x": 48.93993682216447,
                "y": 34.36859302326563,
                "z": 94.60300832491095
            },
            "rotation_stdev": {
                "x": 0.005481816907542336,
                "y": 0.0022036369090609026,
                "z": 0.011549601725792726
            },
            "reprojection_error": 0.6049534250624706
        }
    ]
}