{
    "timestamp_utc": "2024-05-27 16:09:59.299065",
    "detector_serial_identifier": "det_green",
    "image_resolution": {
        "x_px": 640,
        "y_px": 480
    },
    "calibrated_values": {
        "focal_length_x_px": 651.1406375372208,
        "focal_length_y_px": 654.4833723587141,
        "optical_center_x_px": 326.43111065751305,
        "optical_center_y_px": 237.99786440141688,
        "radial_distortion_coefficients": [
            0.042713303204418435,
            0.1439538953931172,
            -0.6318637379440122
        ],
        "tangential_distortion_coefficients": [
            0.002021443432627535,
            -0.0027394310533986554
        ]
    },
    "calibrated_stdevs": [
        15.263007273934571,
        14.803965186980506,
        4.50726251725583,
        7.827110947836902,
        0.052266661488204684,
        0.6890130549112393,
        0.001839225362884448,
        0.0019639213873678704,
        2.6847186463456154,
        0.0,
        0.0,
        0.0,
        0.0,
        0.0,
        0.0,
        0.0,
        0.0,
        0.0
    ],
    "reprojection_error": 0.4383042276509099,
    "frame_results": [
        {
            "image_identifier": "d289905b-1cfd-429c-9dfd-178ae8ceeba8",
            "translation": {
                "x": 4803.803716518223,
                "y": -1104.072416796709,
                "z": 13592.890350693102
            },
            "rotation": {
                "x": -1.0826902893519315,
                "y": 2.8299066983183687,
                "z": -0.6014055319838227
            },
            "translation_stdev": {
                "x": 93.24464781263464,
                "y": 161.61392345021142,
                "z": 318.8726456034887
            },
            "rotation_stdev": {
                "x": 0.0036489515200053735,
                "y": 0.0061238394201087,
                "z": 0.015485654554706766
            },
            "reprojection_error": 0.4017803827864029
        },
        {
            "image_identifier": "6e450ee1-4591-41a4-ada8-bf35cf0c5921",
            "translation": {
                "x": 2677.9488993530435,
                "y": -4393.258894212509,
                "z": 14157.617052844187
            },
            "rotation": {
                "x": 0.020362610176974338,
                "y": 2.871822745250527,
                "z": -0.5559964644884462
            },
            "translation_stdev": {
                "x": 98.02027359051786,
                "y": 164.27663763119168,
                "z": 324.94880975946035
            },
            "rotation_stdev": {
                "x": 0.0026071423844473626,
                "y": 0.008839604166417443,
                "z": 0.013106904153105598
            },
            "reprojection_error": 0.496906936947586
        },
        {
            "image_identifier": "0a26474a-6399-43c5-a26e-084224d4721c",
            "translation": {
                "x": -2347.4115299963137,
                "y": -5281.2870909766225,
                "z": 10416.20277555772
            },
            "rotation": {
                "x": 1.4898730067812442,
                "y": 2.477151902285457,
                "z": -0.10439370905879733
            },
            "translation_stdev": {
                "x": 73.16562141565939,
                "y": 118.7988533286188,
                "z": 249.56465831119706
            },
            "rotation_stdev": {
                "x": 0.005382281154730978,
                "y": 0.0075245840110293345,
                "z": 0.007839024007949209
            },
            "reprojection_error": 0.4427066291509971
        },
        {
            "image_identifier": "bbb637b3-0376-4770-af58-178a17421521",
            "translation": {
                "x": -3822.210198323046,
                "y": -2475.9783204706896,
                "z": 11215.12197384691
            },
            "rotation": {
                "x": 2.1911168068588456,
                "y": 1.6177358939259434,
                "z": 0.042893239952465904
            },
            "translation_stdev": {
                "x": 79.49913902392353,
                "y": 130.74083495495677,
                "z": 263.98636302203295
            },
            "rotation_stdev": {
                "x": 0.009707254489381553,
                "y": 0.006046174435215234,
                "z": 0.006388985254617297
            },
            "reprojection_error": 0.40841068730369645
        },
        {
            "image_identifier": "9731d9fe-c891-4e93-b062-5ca1cfa26f13",
            "translation": {
                "x": -2939.6702635065617,
                "y": 1261.4354340197856,
                "z": 10598.388516926445
            },
            "rotation": {
                "x": 2.682991131198584,
                "y": 0.5485331805977769,
                "z": 0.17001488497185552
            },
            "translation_stdev": {
                "x": 73.9884038414207,
                "y": 128.17553541384152,
                "z": 246.3181940909205
            },
            "rotation_stdev": {
                "x": 0.010462233316496284,
                "y": 0.00288130117990627,
                "z": 0.008093940737425026
            },
            "reprojection_error": 0.42610448851836064
        },
        {
            "image_identifier": "becc66e3-9855-4665-94cb-107fa786d42e",
            "translation": {
                "x": 1182.5585308903721,
                "y": 3351.8735546250728,
                "z": 10565.19267232221
            },
            "rotation": {
                "x": 2.6028237445184095,
                "y": -0.9709251596697653,
                "z": 0.5104122646751805
            },
            "translation_stdev": {
                "x": 72.4456534138938,
                "y": 131.22619976089854,
                "z": 252.76824383123642
            },
            "rotation_stdev": {
                "x": 0.008792763030738327,
                "y": 0.005040506759260538,
                "z": 0.012279204263187573
            },
            "reprojection_error": 0.45981026499235034
        }
    ]
}