{
    "timestamp_utc": "2024-05-27 16:14:38.979763",
    "detector_serial_identifier": "det_green",
    "image_resolution": {
        "x_px": 640,
        "y_px": 480
    },
    "calibrated_values": {
        "focal_length_x_px": 591.4526405868392,
        "focal_length_y_px": 598.1862076725392,
        "optical_center_x_px": 319.1705515056559,
        "optical_center_y_px": 266.70237610156886,
        "radial_distortion_coefficients": [
            0.08809297925825921,
            -0.40725121934686415,
            1.030486715978433
        ],
        "tangential_distortion_coefficients": [
            0.00538575409875645,
            -0.0040945856264906245
        ]
    },
    "calibrated_stdevs": [
        15.044049999777204,
        14.769124086147922,
        3.9388902281051514,
        6.732165823240945,
        0.04456681278957204,
        0.47139383158669246,
        0.001689528267680188,
        0.001902306062440556,
        1.482217176536041,
        0.0,
        0.0,
        0.0,
        0.0,
        0.0,
        0.0,
        0.0,
        0.0,
        0.0
    ],
    "reprojection_error": 0.42040019164490056,
    "frame_results": [
        {
            "image_identifier": "d289905b-1cfd-429c-9dfd-178ae8ceeba8",
            "translation": {
                "x": 4964.419303208599,
                "y": -1695.4533103174454,
                "z": 12362.958073808302
            },
            "rotation": {
                "x": -1.0859837451048304,
                "y": 2.8478077083081312,
                "z": -0.5419628747364932
            },
            "translation_stdev": {
                "x": 81.61546300578004,
                "y": 137.81504259644953,
                "z": 315.71857934978556
            },
            "rotation_stdev": {
                "x": 0.0035690064268491585,
                "y": 0.005679510711220749,
                "z": 0.014868531063575455
            },
            "reprojection_error": 0.3960381208920271
        },
        {
            "image_identifier": "6e450ee1-4591-41a4-ada8-bf35cf0c5921",
            "translation": {
                "x": 2844.739947793227,
                "y": -5000.541235652336,
                "z": 12890.658809479255
            },
            "rotation": {
                "x": 0.024567854362707545,
                "y": 2.9015804590064884,
                "z": -0.5054638671644098
            },
            "translation_stdev": {
                "x": 86.39443580441548,
                "y": 140.46974376704568,
                "z": 322.34057038027663
            },
            "rotation_stdev": {
                "x": 0.0024880722190315776,
                "y": 0.00839200427143754,
                "z": 0.01278931362380194
            },
            "reprojection_error": 0.4785531504765642
        },
        {
            "image_identifier": "0a26474a-6399-43c5-a26e-084224d4721c",
            "translation": {
                "x": -2240.347334640339,
                "y": -5717.39313085374,
                "z": 9458.21457240096
            },
            "rotation": {
                "x": 1.5104684281528007,
                "y": 2.5031666338134406,
                "z": -0.09061154150138148
            },
            "translation_stdev": {
                "x": 64.41942990447926,
                "y": 100.9070317890519,
                "z": 245.72687967704167
            },
            "rotation_stdev": {
                "x": 0.0047946509506960515,
                "y": 0.007059001001917019,
                "z": 0.007303097111202008
            },
            "reprojection_error": 0.33595611835249206
        },
        {
            "image_identifier": "bbb637b3-0376-4770-af58-178a17421521",
            "translation": {
                "x": -3708.4884342344953,
                "y": -2954.2800775335936,
                "z": 10208.024082818416
            },
            "rotation": {
                "x": 2.229871273459566,
                "y": 1.6384263278370956,
                "z": 0.043802212442759426
            },
            "translation_stdev": {
                "x": 69.98030085350084,
                "y": 111.13343773610086,
                "z": 261.7831416274932
            },
            "rotation_stdev": {
                "x": 0.009225241353319456,
                "y": 0.0058881839486307486,
                "z": 0.006370416109390387
            },
            "reprojection_error": 0.4328922691696802
        },
        {
            "image_identifier": "becc66e3-9855-4665-94cb-107fa786d42e",
            "translation": {
                "x": 1299.8152613122622,
                "y": 2880.007422085627,
                "z": 9612.60833117013
            },
            "rotation": {
                "x": 2.6359351585790063,
                "y": -0.9874715786248529,
                "z": 0.46806809036865493
            },
            "translation_stdev": {
                "x": 62.82867865155052,
                "y": 111.49855688701098,
                "z": 250.25081475276505
            },
            "rotation_stdev": {
                "x": 0.008430037223712283,
                "y": 0.004864258559215939,
                "z": 0.012111594357671665
            },
            "reprojection_error": 0.44596813620003617
        }
    ]
}